iso;country;language;id;region1;region2;region3;region4;locality;postcode;suburb;latitude;longitude;elevation;iso2;fips;nuts;hasc;stat;timezone;utc;dst
TN;Tunisia;FR;1001940480;Ariana;Ariana Médina;;;Ariana;2080;;36.862500;10.195556;9;TN-12;TS38;;TN.AN.AR;1251;Africa/Tunis;+01:00;+01:00
TN;Tunisia;FR;1001940481;Ariana;Ariana Médina;;;Borj El Baccouche;2027;;36.900372;10.319960;1;TN-12;TS38;;TN.AN.AR;1251;Africa/Tunis;+01:00;+01:00
TN;Tunisia;FR;1001940482;Ariana;Ariana Médina;;;Centre Commercial Ikram;2037;;36.904480;10.226910;0;TN-12;TS38;;TN.AN.AR;1251;Africa/Tunis;+01:00;+01:00
TN;Tunisia;FR;1001940483;Ariana;Ariana Médina;;;Cité Belvedere 2;2091;;36.649391;10.310080;57;TN-12;TS38;;TN.AN.AR;1251;Africa/Tunis;+01:00;+01:00
TN;Tunisia;FR;1001940484;Ariana;Ariana Médina;;;Cité Borj Turki 1;2058;;36.830000;10.230000;2;TN-12;TS38;;TN.AN.AR;1251;Africa/Tunis;+01:00;+01:00
TN;Tunisia;FR;1001940485;Ariana;Ariana Médina;;;Cité Borj Turki 2;2058;;36.830000;10.230000;2;TN-12;TS38;;TN.AN.AR;1251;Africa/Tunis;+01:00;+01:00
TN;Tunisia;FR;1001940486;Ariana;Ariana Médina;;;Cité de la Sante;2058;;36.830000;10.230000;2;TN-12;TS38;;TN.AN.AR;1251;Africa/Tunis;+01:00;+01:00
TN;Tunisia;FR;1001940487;Ariana;Ariana Médina;;;Cité des Roses;2080;;36.866760;10.188950;10;TN-12;TS38;;TN.AN.AR;1251;Africa/Tunis;+01:00;+01:00
TN;Tunisia;FR;1001940488;Ariana;Ariana Médina;;;Cité du Jardin;2080;;36.866760;10.188950;10;TN-12;TS38;;TN.AN.AR;1251;Africa/Tunis;+01:00;+01:00
TN;Tunisia;FR;1001940489;Ariana;Ariana Médina;;;Cité du Printemps;2080;;36.866760;10.188950;10;TN-12;TS38;;TN.AN.AR;1251;Africa/Tunis;+01:00;+01:00
TN;Tunisia;FR;1001940490;Ariana;Ariana Médina;;;Cité du Soleil;2091;;36.649391;10.310080;57;TN-12;TS38;;TN.AN.AR;1251;Africa/Tunis;+01:00;+01:00
TN;Tunisia;FR;1001940491;Ariana;Ariana Médina;;;Cité El Intissar 1;2091;;36.649391;10.310080;57;TN-12;TS38;;TN.AN.AR;1251;Africa/Tunis;+01:00;+01:00
TN;Tunisia;FR;1001940492;Ariana;Ariana Médina;;;Cité El Intissar 2;2091;;36.649391;10.310080;57;TN-12;TS38;;TN.AN.AR;1251;Africa/Tunis;+01:00;+01:00
TN;Tunisia;FR;1001940493;Ariana;Ariana Médina;;;Cité Ennasr 1;2037;;36.904480;10.226910;0;TN-12;TS38;;TN.AN.AR;1251;Africa/Tunis;+01:00;+01:00
TN;Tunisia;FR;1001940494;Ariana;Ariana Médina;;;Cité Ennasr 2;2037;;36.904480;10.226910;0;TN-12;TS38;;TN.AN.AR;1251;Africa/Tunis;+01:00;+01:00
TN;Tunisia;FR;1001940495;Ariana;Ariana Médina;;;Cité Ennouzha;2080;;36.866760;10.188950;10;TN-12;TS38;;TN.AN.AR;1251;Africa/Tunis;+01:00;+01:00
TN;Tunisia;FR;1001940496;Ariana;Ariana Médina;;;Cité Essaada (ariana);2080;;36.866760;10.188950;10;TN-12;TS38;;TN.AN.AR;1251;Africa/Tunis;+01:00;+01:00
TN;Tunisia;FR;1001940497;Ariana;Ariana Médina;;;Cité Essaada (riadh Andalous);2058;;36.830000;10.230000;2;TN-12;TS38;;TN.AN.AR;1251;Africa/Tunis;+01:00;+01:00
TN;Tunisia;FR;1001940498;Ariana;Ariana Médina;;;Cité Jaafar;2080;;36.866760;10.188950;10;TN-12;TS38;;TN.AN.AR;1251;Africa/Tunis;+01:00;+01:00
TN;Tunisia;FR;1001940499;Ariana;Ariana Médina;;;Cité Jamil;2091;;36.649391;10.310080;57;TN-12;TS38;;TN.AN.AR;1251;Africa/Tunis;+01:00;+01:00
TN;Tunisia;FR;1001940500;Ariana;Ariana Médina;;;Cité Karim;2058;;36.830000;10.230000;2;TN-12;TS38;;TN.AN.AR;1251;Africa/Tunis;+01:00;+01:00
TN;Tunisia;FR;1001940501;Ariana;Ariana Médina;;;Cité Mehrzia 1;2058;;36.830000;10.230000;2;TN-12;TS38;;TN.AN.AR;1251;Africa/Tunis;+01:00;+01:00
TN;Tunisia;FR;1001940502;Ariana;Ariana Médina;;;El Menzah 5;2091;;36.839778;10.185361;12;TN-12;TS38;;TN.AN.AR;1251;Africa/Tunis;+01:00;+01:00
TN;Tunisia;FR;1001940503;Ariana;Ariana Médina;;;El Menzah 6;2091;;36.839778;10.185361;12;TN-12;TS38;;TN.AN.AR;1251;Africa/Tunis;+01:00;+01:00
TN;Tunisia;FR;1001940504;Ariana;Ariana Médina;;;El Menzah 7;2037;;36.839778;10.185361;12;TN-12;TS38;;TN.AN.AR;1251;Africa/Tunis;+01:00;+01:00
TN;Tunisia;FR;1001940505;Ariana;Ariana Médina;;;El Menzah 8;2037;;36.839778;10.185361;12;TN-12;TS38;;TN.AN.AR;1251;Africa/Tunis;+01:00;+01:00
TN;Tunisia;FR;1001940506;Ariana;Ariana Médina;;;Nouvelle Ariana;2080;;36.866760;10.188950;10;TN-12;TS38;;TN.AN.AR;1251;Africa/Tunis;+01:00;+01:00
TN;Tunisia;FR;1001940507;Ariana;Ariana Médina;;;Résidence El Ouns;2058;;36.830000;10.230000;2;TN-12;TS38;;TN.AN.AR;1251;Africa/Tunis;+01:00;+01:00
TN;Tunisia;FR;1001940508;Ariana;Ariana Médina;;;Résidence Ennour (ariana);2080;;36.866760;10.188950;10;TN-12;TS38;;TN.AN.AR;1251;Africa/Tunis;+01:00;+01:00
TN;Tunisia;FR;1001940509;Ariana;Ariana Médina;;;Résidence Ennour (Naser 1);2037;;36.904480;10.226910;0;TN-12;TS38;;TN.AN.AR;1251;Africa/Tunis;+01:00;+01:00
TN;Tunisia;FR;1001940510;Ariana;Ariana Médina;;;Résidence Ennour (Naser 2);2037;;36.904480;10.226910;0;TN-12;TS38;;TN.AN.AR;1251;Africa/Tunis;+01:00;+01:00
TN;Tunisia;FR;1001940511;Ariana;Ariana Médina;;;Résidence Ibn Zeidoun;2058;;36.830000;10.230000;2;TN-12;TS38;;TN.AN.AR;1251;Africa/Tunis;+01:00;+01:00
TN;Tunisia;FR;1001940512;Ariana;Ariana Médina;;;Résidence Ichbilia;2058;;36.830000;10.230000;2;TN-12;TS38;;TN.AN.AR;1251;Africa/Tunis;+01:00;+01:00
TN;Tunisia;FR;1001940513;Ariana;Ariana Médina;;;Résidence Kortoba;2058;;36.830000;10.230000;2;TN-12;TS38;;TN.AN.AR;1251;Africa/Tunis;+01:00;+01:00
TN;Tunisia;FR;1001940514;Ariana;Ariana Médina;;;Riadh Landlous;2058;;36.830000;10.230000;2;TN-12;TS38;;TN.AN.AR;1251;Africa/Tunis;+01:00;+01:00
TN;Tunisia;FR;1001940515;Ariana;Cité Ettadhamen;;;Cité 18 Janvier;2041;;36.765129;10.272150;22;TN-12;TS38;;TN.AN.ET;1256;Africa/Tunis;+01:00;+01:00
TN;Tunisia;FR;1001940516;Ariana;Cité Ettadhamen;;;Cité Ben Yerfes;2041;;36.765129;10.272150;22;TN-12;TS38;;TN.AN.ET;1256;Africa/Tunis;+01:00;+01:00
TN;Tunisia;FR;1001940517;Ariana;Cité Ettadhamen;;;Cité El Houda;2041;;36.765129;10.272150;22;TN-12;TS38;;TN.AN.ET;1256;Africa/Tunis;+01:00;+01:00
TN;Tunisia;FR;1001940518;Ariana;Cité Ettadhamen;;;Cité Ennasser;2041;;36.765129;10.272150;22;TN-12;TS38;;TN.AN.ET;1256;Africa/Tunis;+01:00;+01:00
TN;Tunisia;FR;1001940519;Ariana;Cité Ettadhamen;;;Cité Ettadhamen;2041;;36.765129;10.272150;22;TN-12;TS38;;TN.AN.ET;1256;Africa/Tunis;+01:00;+01:00
TN;Tunisia;FR;1001940520;Ariana;Cité Ettadhamen;;;Cité Ettayarene;2041;;36.765129;10.272150;22;TN-12;TS38;;TN.AN.ET;1256;Africa/Tunis;+01:00;+01:00
TN;Tunisia;FR;1001940521;Ariana;Cité Ettadhamen;;;Cité Sfar;2041;;36.765129;10.272150;22;TN-12;TS38;;TN.AN.ET;1256;Africa/Tunis;+01:00;+01:00
TN;Tunisia;FR;1001940522;Ariana;Cité Ettadhamen;;;Cité Snit 2;2041;;36.765129;10.272150;22;TN-12;TS38;;TN.AN.ET;1256;Africa/Tunis;+01:00;+01:00
TN;Tunisia;FR;1001940523;Ariana;Cité Ettadhamen;;;Cité Snit Nagra;2041;;36.765129;10.272150;22;TN-12;TS38;;TN.AN.ET;1256;Africa/Tunis;+01:00;+01:00
TN;Tunisia;FR;1001940598;Ariana;El Mnihla;;;Cité Ali Bourguiba;2094;;36.630890;10.234870;56;TN-12;TS38;;TN.AN.MN;1257;Africa/Tunis;+01:00;+01:00
TN;Tunisia;FR;1001940599;Ariana;El Mnihla;;;Cité de la Republique;2094;;36.630890;10.234870;56;TN-12;TS38;;TN.AN.MN;1257;Africa/Tunis;+01:00;+01:00
TN;Tunisia;FR;1001940600;Ariana;El Mnihla;;;Cité El Bassatine1;2094;;36.630890;10.234870;56;TN-12;TS38;;TN.AN.MN;1257;Africa/Tunis;+01:00;+01:00
TN;Tunisia;FR;1001940601;Ariana;El Mnihla;;;Cité El Bassatine2;2094;;36.630890;10.234870;56;TN-12;TS38;;TN.AN.MN;1257;Africa/Tunis;+01:00;+01:00
TN;Tunisia;FR;1001940602;Ariana;El Mnihla;;;Cité El Bassatine3;2094;;36.630890;10.234870;56;TN-12;TS38;;TN.AN.MN;1257;Africa/Tunis;+01:00;+01:00
TN;Tunisia;FR;1001940603;Ariana;El Mnihla;;;Cité El Gouabsia;2094;;36.630890;10.234870;56;TN-12;TS38;;TN.AN.MN;1257;Africa/Tunis;+01:00;+01:00
TN;Tunisia;FR;1001940604;Ariana;El Mnihla;;;Cité El Ouard;2094;;36.630890;10.234870;56;TN-12;TS38;;TN.AN.MN;1257;Africa/Tunis;+01:00;+01:00
TN;Tunisia;FR;1001940605;Ariana;El Mnihla;;;Cité Ennasr;2094;;36.630890;10.234870;56;TN-12;TS38;;TN.AN.MN;1257;Africa/Tunis;+01:00;+01:00
TN;Tunisia;FR;1001940606;Ariana;El Mnihla;;;Cité Essaada;2094;;36.630890;10.234870;56;TN-12;TS38;;TN.AN.MN;1257;Africa/Tunis;+01:00;+01:00
TN;Tunisia;FR;1001940607;Ariana;El Mnihla;;;Cité Rafaha;2094;;36.630890;10.234870;56;TN-12;TS38;;TN.AN.MN;1257;Africa/Tunis;+01:00;+01:00
TN;Tunisia;FR;1001940608;Ariana;El Mnihla;;;Cité Rous El Harayek;2094;;36.630890;10.234870;56;TN-12;TS38;;TN.AN.MN;1257;Africa/Tunis;+01:00;+01:00
TN;Tunisia;FR;1001940609;Ariana;El Mnihla;;;Essanhaji;2094;;36.630890;10.234870;56;TN-12;TS38;;TN.AN.MN;1257;Africa/Tunis;+01:00;+01:00
TN;Tunisia;FR;1001940610;Ariana;El Mnihla;;;Mnihla;2094;;36.630890;10.234870;56;TN-12;TS38;;TN.AN.MN;1257;Africa/Tunis;+01:00;+01:00
TN;Tunisia;FR;1001940611;Ariana;El Mnihla;;;Résidence Ennasr;2094;;36.630890;10.234870;56;TN-12;TS38;;TN.AN.MN;1257;Africa/Tunis;+01:00;+01:00
TN;Tunisia;FR;1001940524;Ariana;Kalaât El Andalous;;;Borj El Hadj;2061;;36.819592;10.284100;0;TN-12;TS38;;TN.AN.KA;1254;Africa/Tunis;+01:00;+01:00
TN;Tunisia;FR;1001940525;Ariana;Kalaât El Andalous;;;Cité Bir El Araies;2022;;37.057941;10.161600;0;TN-12;TS38;;TN.AN.KA;1254;Africa/Tunis;+01:00;+01:00
TN;Tunisia;FR;1001940526;Ariana;Kalaât El Andalous;;;Cité des Martyrs;2022;;37.057941;10.161600;0;TN-12;TS38;;TN.AN.KA;1254;Africa/Tunis;+01:00;+01:00
TN;Tunisia;FR;1001940527;Ariana;Kalaât El Andalous;;;Cité El Fejja;2022;;37.057941;10.161600;0;TN-12;TS38;;TN.AN.KA;1254;Africa/Tunis;+01:00;+01:00
TN;Tunisia;FR;1001940528;Ariana;Kalaât El Andalous;;;Cité El Mourouj;2022;;37.057941;10.161600;0;TN-12;TS38;;TN.AN.KA;1254;Africa/Tunis;+01:00;+01:00
TN;Tunisia;FR;1001940529;Ariana;Kalaât El Andalous;;;Cité El Oulja;2022;;37.057941;10.161600;0;TN-12;TS38;;TN.AN.KA;1254;Africa/Tunis;+01:00;+01:00
TN;Tunisia;FR;1001940530;Ariana;Kalaât El Andalous;;;Cité Essibous;2022;;37.057941;10.161600;0;TN-12;TS38;;TN.AN.KA;1254;Africa/Tunis;+01:00;+01:00
TN;Tunisia;FR;1001940531;Ariana;Kalaât El Andalous;;;Cité Tarek Ibn Zied;2022;;37.057941;10.161600;0;TN-12;TS38;;TN.AN.KA;1254;Africa/Tunis;+01:00;+01:00
TN;Tunisia;FR;1001940532;Ariana;Kalaât El Andalous;;;El Misra;2061;;36.819592;10.284100;0;TN-12;TS38;;TN.AN.KA;1254;Africa/Tunis;+01:00;+01:00
TN;Tunisia;FR;1001940533;Ariana;Kalaât El Andalous;;;Ferme Hababou;2061;;36.819592;10.284100;0;TN-12;TS38;;TN.AN.KA;1254;Africa/Tunis;+01:00;+01:00
TN;Tunisia;FR;1001940534;Ariana;Kalaât El Andalous;;;Ferme Mustapha;2061;;36.819592;10.284100;0;TN-12;TS38;;TN.AN.KA;1254;Africa/Tunis;+01:00;+01:00
TN;Tunisia;FR;1001940535;Ariana;Kalaât El Andalous;;;Henchir Touba;2061;;36.819592;10.284100;0;TN-12;TS38;;TN.AN.KA;1254;Africa/Tunis;+01:00;+01:00
TN;Tunisia;FR;1001940536;Ariana;Kalaât El Andalous;;;Henchir Toubias;2061;;36.819592;10.284100;0;TN-12;TS38;;TN.AN.KA;1254;Africa/Tunis;+01:00;+01:00
TN;Tunisia;FR;1001940537;Ariana;Kalaât El Andalous;;;Kalaat Landlous;2022;;37.057941;10.161600;0;TN-12;TS38;;TN.AN.KA;1254;Africa/Tunis;+01:00;+01:00
TN;Tunisia;FR;1001940538;Ariana;Kalaât El Andalous;;;Pont de Bizerte;2061;;36.819592;10.284100;0;TN-12;TS38;;TN.AN.KA;1254;Africa/Tunis;+01:00;+01:00
TN;Tunisia;FR;1001940612;Ariana;Raoued;;;Ariana Essoughra;2081;;36.955139;10.158100;3;TN-12;TS38;;TN.AN.RA;1253;Africa/Tunis;+01:00;+01:00
TN;Tunisia;FR;1001940613;Ariana;Raoued;;;Borj Touil;2081;;36.733333;9.866667;87;TN-12;TS38;;TN.AN.RA;1253;Africa/Tunis;+01:00;+01:00
TN;Tunisia;FR;1001940614;Ariana;Raoued;;;Bou Hnech;2081;;36.955139;10.158100;3;TN-12;TS38;;TN.AN.RA;1253;Africa/Tunis;+01:00;+01:00
TN;Tunisia;FR;1001940615;Ariana;Raoued;;;Cité 7 Novembre;2056;;36.705490;10.413200;4;TN-12;TS38;;TN.AN.RA;1253;Africa/Tunis;+01:00;+01:00
TN;Tunisia;FR;1001940616;Ariana;Raoued;;;Cité aéroport;2056;;36.705490;10.413200;4;TN-12;TS38;;TN.AN.RA;1253;Africa/Tunis;+01:00;+01:00
TN;Tunisia;FR;1001940617;Ariana;Raoued;;;Cité Chaker;2081;;36.955139;10.158100;3;TN-12;TS38;;TN.AN.RA;1253;Africa/Tunis;+01:00;+01:00
TN;Tunisia;FR;1001940618;Ariana;Raoued;;;Cité Chargui;2056;;36.705490;10.413200;4;TN-12;TS38;;TN.AN.RA;1253;Africa/Tunis;+01:00;+01:00
TN;Tunisia;FR;1001940619;Ariana;Raoued;;;Cité de la Mosque;2081;;36.955139;10.158100;3;TN-12;TS38;;TN.AN.RA;1253;Africa/Tunis;+01:00;+01:00
TN;Tunisia;FR;1001940620;Ariana;Raoued;;;Cité de la Rtt 2;2083;;36.699120;10.350780;316;TN-12;TS38;;TN.AN.RA;1253;Africa/Tunis;+01:00;+01:00
TN;Tunisia;FR;1001940621;Ariana;Raoued;;;Cité des Juges;2056;;36.705490;10.413200;4;TN-12;TS38;;TN.AN.RA;1253;Africa/Tunis;+01:00;+01:00
TN;Tunisia;FR;1001940622;Ariana;Raoued;;;Cité El Abadla;2083;;36.699120;10.350780;316;TN-12;TS38;;TN.AN.RA;1253;Africa/Tunis;+01:00;+01:00
TN;Tunisia;FR;1001940623;Ariana;Raoued;;;Cité El Amel;2083;;36.699120;10.350780;316;TN-12;TS38;;TN.AN.RA;1253;Africa/Tunis;+01:00;+01:00
TN;Tunisia;FR;1001940624;Ariana;Raoued;;;Cité El Ghazala 1;2083;;36.699120;10.350780;316;TN-12;TS38;;TN.AN.RA;1253;Africa/Tunis;+01:00;+01:00
TN;Tunisia;FR;1001940625;Ariana;Raoued;;;Cité El Ghazala 2;2083;;36.699120;10.350780;316;TN-12;TS38;;TN.AN.RA;1253;Africa/Tunis;+01:00;+01:00
TN;Tunisia;FR;1001940626;Ariana;Raoued;;;Cité El Mouaouiet;2081;;36.955139;10.158100;3;TN-12;TS38;;TN.AN.RA;1253;Africa/Tunis;+01:00;+01:00
TN;Tunisia;FR;1001940627;Ariana;Raoued;;;Cité El Mountazeh;2081;;36.955139;10.158100;3;TN-12;TS38;;TN.AN.RA;1253;Africa/Tunis;+01:00;+01:00
TN;Tunisia;FR;1001940628;Ariana;Raoued;;;Cité El Wafa;2083;;36.699120;10.350780;316;TN-12;TS38;;TN.AN.RA;1253;Africa/Tunis;+01:00;+01:00
TN;Tunisia;FR;1001940629;Ariana;Raoued;;;Cité El Yamama;2056;;36.705490;10.413200;4;TN-12;TS38;;TN.AN.RA;1253;Africa/Tunis;+01:00;+01:00
TN;Tunisia;FR;1001940630;Ariana;Raoued;;;Cité Ennasr;2083;;36.699120;10.350780;316;TN-12;TS38;;TN.AN.RA;1253;Africa/Tunis;+01:00;+01:00
TN;Tunisia;FR;1001940631;Ariana;Raoued;;;Cité Ennkhilet;2083;;36.699120;10.350780;316;TN-12;TS38;;TN.AN.RA;1253;Africa/Tunis;+01:00;+01:00
TN;Tunisia;FR;1001940632;Ariana;Raoued;;;Cité Ennour Jaafar;2081;;36.955139;10.158100;3;TN-12;TS38;;TN.AN.RA;1253;Africa/Tunis;+01:00;+01:00
TN;Tunisia;FR;1001940633;Ariana;Raoued;;;Cité Erriadh;2081;;36.955139;10.158100;3;TN-12;TS38;;TN.AN.RA;1253;Africa/Tunis;+01:00;+01:00
TN;Tunisia;FR;1001940634;Ariana;Raoued;;;Cité Essaada;2081;;36.955139;10.158100;3;TN-12;TS38;;TN.AN.RA;1253;Africa/Tunis;+01:00;+01:00
TN;Tunisia;FR;1001940635;Ariana;Raoued;;;Cité Essahafa;2083;;36.699120;10.350780;316;TN-12;TS38;;TN.AN.RA;1253;Africa/Tunis;+01:00;+01:00
TN;Tunisia;FR;1001940636;Ariana;Raoued;;;Cité Ibn Rachik;2083;;36.699120;10.350780;316;TN-12;TS38;;TN.AN.RA;1253;Africa/Tunis;+01:00;+01:00
TN;Tunisia;FR;1001940637;Ariana;Raoued;;;Cité Mehrzia 2;2083;;36.699120;10.350780;316;TN-12;TS38;;TN.AN.RA;1253;Africa/Tunis;+01:00;+01:00
TN;Tunisia;FR;1001940638;Ariana;Raoued;;;Cité Sidi Salah;2056;;36.705490;10.413200;4;TN-12;TS38;;TN.AN.RA;1253;Africa/Tunis;+01:00;+01:00
