iso;country;language;level;type;name;region1;region2;region3;region4;iso2;fips;nuts;hasc;stat
TN;Tunisia;FR;0;Country;Tunisia;;;;;;;;;
TN;Tunisia;FR;1;Gouvernorats;Ariana;Ariana;;;;TN-12;TS38;;TN.AN;12
TN;Tunisia;FR;1;Gouvernorats;Béja;Béja;;;;TN-31;TS17;;TN.BJ;21
TN;Tunisia;FR;1;Gouvernorats;Ben Arous;Ben Arous;;;;TN-13;TS27;;TN.BA;13
TN;Tunisia;FR;1;Gouvernorats;Bizerte;Bizerte;;;;TN-23;TS18;;TN.BZ;17
TN;Tunisia;FR;1;Gouvernorats;Gabès;Gabès;;;;TN-81;TS29;;TN.GB;51
TN;Tunisia;FR;1;Gouvernorats;Gafsa;Gafsa;;;;TN-71;TS30;;TN.GF;61
TN;Tunisia;FR;1;Gouvernorats;Jendouba;Jendouba;;;;TN-32;TS06;;TN.JE;22
TN;Tunisia;FR;1;Gouvernorats;Kairouan;Kairouan;;;;TN-41;TS03;;TN.KR;41
TN;Tunisia;FR;1;Gouvernorats;Kasserine;Kasserine;;;;TN-42;TS02;;TN.KS;42
TN;Tunisia;FR;1;Gouvernorats;Kebili;Kebili;;;;TN-73;TS31;;TN.KB;63
TN;Tunisia;FR;1;Gouvernorats;Le Kef;Le Kef;;;;TN-33;TS14;;TN.KF;23
TN;Tunisia;FR;1;Gouvernorats;Mahdia;Mahdia;;;;TN-53;TS15;;TN.MH;33
TN;Tunisia;FR;1;Gouvernorats;Mannouba;Mannouba;;;;TN-14;TS39;;TN.MB;14
TN;Tunisia;FR;1;Gouvernorats;Médenine;Médenine;;;;TN-82;TS28;;TN.ME;52
TN;Tunisia;FR;1;Gouvernorats;Monastir;Monastir;;;;TN-52;TS16;;TN.MS;32
TN;Tunisia;FR;1;Gouvernorats;Nabeul;Nabeul;;;;TN-21;TS19;;TN.NB;15
TN;Tunisia;FR;1;Gouvernorats;Sfax;Sfax;;;;TN-61;TS32;;TN.SF;34
TN;Tunisia;FR;1;Gouvernorats;Sidi Bouzid;Sidi Bouzid;;;;TN-43;TS33;;TN.SZ;43
TN;Tunisia;FR;1;Gouvernorats;Siliana;Siliana;;;;TN-34;TS22;;TN.SL;24
TN;Tunisia;FR;1;Gouvernorats;Sousse;Sousse;;;;TN-51;TS23;;TN.SS;31
TN;Tunisia;FR;1;Gouvernorats;Tataouine;Tataouine;;;;TN-83;TS34;;TN.TA;53
TN;Tunisia;FR;1;Gouvernorats;Tozeur;Tozeur;;;;TN-72;TS35;;TN.TO;62
TN;Tunisia;FR;1;Gouvernorats;Tunis;Tunis;;;;TN-11;TS36;;TN.TU;11
TN;Tunisia;FR;1;Gouvernorats;Zaghouan;Zaghouan;;;;TN-22;TS37;;TN.ZA;16
TN;Tunisia;FR;2;Déléguations;Agareb;Sfax;Agareb;;;TN-61;TS32;;TN.SF.AG;3457
TN;Tunisia;FR;2;Déléguations;Aïn Draham;Jendouba;Aïn Draham;;;TN-32;TS06;;TN.JE.AD;2255
TN;Tunisia;FR;2;Déléguations;Akouda;Sousse;Akouda;;;TN-51;TS23;;TN.SS.AK;3156
TN;Tunisia;FR;2;Déléguations;Amdoun;Béja;Amdoun;;;TN-31;TS17;;TN.BJ.AM;2153
TN;Tunisia;FR;2;Déléguations;Ariana Médina;Ariana;Ariana Médina;;;TN-12;TS38;;TN.AN.AR;1251
TN;Tunisia;FR;2;Déléguations;Bab El Bhar;Tunis;Bab El Bhar;;;TN-11;TS36;;TN.TU.BB;1153
TN;Tunisia;FR;2;Déléguations;Bab Souika;Tunis;Bab Souika;;;TN-11;TS36;;TN.TU.BS;1154
TN;Tunisia;FR;2;Déléguations;Balta - Bou Aouane;Jendouba;Balta - Bou Aouane;;;TN-32;TS06;;TN.JE.BB;2259
TN;Tunisia;FR;2;Déléguations;Bargou;Siliana;Bargou;;;TN-34;TS22;;TN.SL.BA;2460
TN;Tunisia;FR;2;Déléguations;Béja Nord;Béja;Béja Nord;;;TN-31;TS17;;TN.BJ.BN;2151
TN;Tunisia;FR;2;Déléguations;Béja Sud;Béja;Béja Sud;;;TN-31;TS17;;TN.BJ.BS;2152
TN;Tunisia;FR;2;Déléguations;Bekalta;Monastir;Bekalta;;;TN-52;TS16;;TN.MS.BK;3259
TN;Tunisia;FR;2;Déléguations;Belkhir;Gafsa;Belkhir;;;TN-71;TS30;;TN.GF.BE;6160
TN;Tunisia;FR;2;Déléguations;Bembla;Monastir;Bembla;;;TN-52;TS16;;TN.MS.BM;3257
TN;Tunisia;FR;2;Déléguations;Ben Arous;Ben Arous;Ben Arous;;;TN-13;TS27;;TN.BA.BA;1351
TN;Tunisia;FR;2;Déléguations;Ben Guerdane;Médenine;Ben Guerdane;;;TN-82;TS28;;TN.ME.BG;5254
TN;Tunisia;FR;2;Déléguations;Beni Hassen;Monastir;Beni Hassen;;;TN-52;TS16;;TN.MS.BH;3255
TN;Tunisia;FR;2;Déléguations;Beni Khalled;Nabeul;Beni Khalled;;;TN-21;TS19;;TN.NB.BD;1563
TN;Tunisia;FR;2;Déléguations;Beni Khedech;Médenine;Beni Khedech;;;TN-82;TS28;;TN.ME.BK;5253
TN;Tunisia;FR;2;Déléguations;Beni Khiar;Nabeul;Beni Khiar;;;TN-21;TS19;;TN.NB.BR;1553
TN;Tunisia;FR;2;Déléguations;Bir Ali Ben Khélifa;Sfax;Bir Ali Ben Khélifa;;;TN-61;TS32;;TN.SF.BA;3463
TN;Tunisia;FR;2;Déléguations;Bir El Hafey;Sidi Bouzid;Bir El Hafey;;;TN-43;TS33;;TN.SZ.BH;4355
TN;Tunisia;FR;2;Déléguations;Bir Lahmar;Tataouine;Bir Lahmar;;;TN-83;TS34;;TN.TA.BL;5354
TN;Tunisia;FR;2;Déléguations;Bir Mchergua;Zaghouan;Bir Mchergua;;;TN-22;TS37;;TN.ZA.BM;1653
TN;Tunisia;FR;2;Déléguations;Bizerte Nord;Bizerte;Bizerte Nord;;;TN-23;TS18;;TN.BZ.BN;1751
